Date,Region,Product,Sales_Volume,Revenue,Sales_Channel
2025-01-02,North,Kingfisher Strong,120,43200,Modern Trade
2025-01-02,South,Kingfisher Premium,90,31500,General Trade
2025-01-03,West,Kingfisher Ultra,60,33000,Online
2025-01-03,East,Kingfisher Strong,75,27000,General Trade
2025-01-04,North,Kingfisher Ultra,50,27500,Modern Trade
2025-01-04,South,Kingfisher Premium,110,38500,Online
2025-01-05,West,Kingfisher Strong,80,28800,General Trade
2025-01-05,East,Kingfisher Ultra,45,24750,Modern Trade
2025-01-06,North,Kingfisher Premium,130,45500,Online
2025-01-06,South,Kingfisher Strong,95,34200,General Trade
2025-01-07,West,Kingfisher Ultra,70,38500,Modern Trade
2025-01-07,East,Kingfisher Premium,60,21000,Online
2025-01-08,North,Kingfisher Strong,100,36000,General Trade
2025-01-08,South,Kingfisher Ultra,55,30250,Online
2025-01-09,West,Kingfisher Premium,115,40250,Modern Trade
2025-01-09,East,Kingfisher Strong,65,23400,General Trade
2025-01-10,North,Kingfisher Premium,140,49000,Online
2025-01-10,South,Kingfisher Ultra,60,33000,General Trade
2025-01-11,West,Kingfisher Strong,105,37800,Online
2025-01-11,East,Kingfisher Ultra,85,46750,Modern Trade
2025-01-12,North,Kingfisher Strong,92,33120,General Trade
2025-01-12,South,Kingfisher Premium,75,26250,Online
2025-01-13,West,Kingfisher Ultra,56,30800,Modern Trade
2025-01-13,East,Kingfisher Strong,110,39600,General Trade
2025-01-14,North,Kingfisher Ultra,68,37400,Online
2025-01-14,South,Kingfisher Premium,122,42700,Modern Trade
2025-01-15,West,Kingfisher Strong,88,31680,General Trade
2025-01-15,East,Kingfisher Ultra,92,50600,Online
2025-01-16,North,Kingfisher Premium,135,47250,Modern Trade
2025-01-16,South,Kingfisher Strong,78,28080,General Trade
2025-01-17,West,Kingfisher Ultra,63,34650,Online
2025-01-17,East,Kingfisher Premium,99,34650,General Trade
2025-01-18,North,Kingfisher Strong,115,41400,Online
2025-01-18,South,Kingfisher Ultra,82,45100,Modern Trade
2025-01-19,West,Kingfisher Premium,120,42000,General Trade
2025-01-19,East,Kingfisher Strong,70,25200,Online
2025-01-20,North,Kingfisher Premium,112,39200,Modern Trade
2025-01-20,South,Kingfisher Ultra,50,27500,General Trade
2025-01-21,West,Kingfisher Premium,143,50050,Online
2025-01-21,East,Kingfisher Strong,80,28800,Modern Trade
2025-01-22,North,Kingfisher Ultra,77,42350,General Trade
2025-01-22,South,Kingfisher Strong,96,34560,Online
2025-01-23,West,Kingfisher Premium,104,36400,Modern Trade
2025-01-23,East,Kingfisher Ultra,53,29150,General Trade
2025-01-24,North,Kingfisher Strong,85,30600,Online
2025-01-24,South,Kingfisher Premium,125,43750,General Trade
2025-01-25,West,Kingfisher Ultra,66,36300,Modern Trade
2025-01-25,East,Kingfisher Strong,74,26640,Online
2025-01-26,North,Kingfisher Premium,118,41300,General Trade
2025-01-26,South,Kingfisher Ultra,99,54450,Online
2025-01-27,West,Kingfisher Strong,90,32400,Modern Trade
2025-01-27,East,Kingfisher Premium,121,42350,General Trade
2025-01-28,North,Kingfisher Ultra,80,44000,Online
2025-01-28,South,Kingfisher Premium,100,35000,Modern Trade
2025-01-29,West,Kingfisher Strong,77,27720,General Trade
2025-01-29,East,Kingfisher Ultra,95,52250,Online
2025-01-30,North,Kingfisher Premium,132,46200,General Trade
2025-01-30,South,Kingfisher Strong,81,29160,Modern Trade
2025-01-31,West,Kingfisher Ultra,72,39600,Online
2025-01-31,East,Kingfisher Premium,98,34300,Modern Trade
2025-02-01,North,Kingfisher Strong,110,39600,General Trade
2025-02-01,South,Kingfisher Ultra,58,31900,Online
2025-02-02,West,Kingfisher Premium,115,40250,Modern Trade
2025-02-02,East,Kingfisher Strong,65,23400,General Trade
2025-02-03,North,Kingfisher Premium,140,49000,Online
2025-02-03,South,Kingfisher Ultra,60,33000,General Trade
2025-02-04,West,Kingfisher Strong,105,37800,Online
2025-02-04,East,Kingfisher Ultra,85,46750,Modern Trade
2025-02-05,North,Kingfisher Strong,92,33120,General Trade
2025-02-05,South,Kingfisher Premium,75,26250,Online
2025-02-06,West,Kingfisher Ultra,56,30800,Modern Trade
2025-02-06,East,Kingfisher Strong,110,39600,General Trade
2025-02-07,North,Kingfisher Ultra,68,37400,Online
2025-02-07,South,Kingfisher Premium,122,42700,Modern Trade
2025-02-08,West,Kingfisher Strong,88,31680,General Trade
2025-02-08,East,Kingfisher Ultra,92,50600,Online
2025-02-09,North,Kingfisher Premium,135,47250,Modern Trade
2025-02-09,South,Kingfisher Strong,78,28080,General Trade
2025-02-10,West,Kingfisher Ultra,63,34650,Online
2025-02-10,East,Kingfisher Premium,99,34650,General Trade
2025-02-11,North,Kingfisher Strong,115,41400,Online
2025-02-11,South,Kingfisher Ultra,82,45100,Modern Trade
2025-02-12,West,Kingfisher Premium,120,42000,General Trade
2025-02-12,East,Kingfisher Strong,70,25200,Online
2025-02-13,North,Kingfisher Premium,112,39200,Modern Trade
2025-02-13,South,Kingfisher Ultra,50,27500,General Trade
2025-02-14,West,Kingfisher Premium,143,50050,Online
2025-02-14,East,Kingfisher Strong,80,28800,Modern Trade
2025-02-15,North,Kingfisher Ultra,77,42350,General Trade
2025-02-15,South,Kingfisher Strong,96,34560,Online
2025-02-16,West,Kingfisher Premium,104,36400,Modern Trade
2025-02-16,East,Kingfisher Ultra,53,29150,General Trade
2025-02-17,North,Kingfisher Strong,85,30600,Online
2025-02-17,South,Kingfisher Premium,125,43750,General Trade
2025-02-18,West,Kingfisher Ultra,66,36300,Modern Trade
2025-02-18,East,Kingfisher Strong,74,26640,Online
2025-02-19,North,Kingfisher Premium,118,41300,General Trade
2025-02-19,South,Kingfisher Ultra,99,54450,Online
2025-02-20,West,Kingfisher Strong,90,32400,Modern Trade
2025-02-20,East,Kingfisher Premium,121,42350,General Trade
2025-02-21,North,Kingfisher Ultra,80,44000,Online
2025-02-21,South,Kingfisher Premium,100,35000,Modern Trade
2025-02-22,West,Kingfisher Strong,77,27720,General Trade
2025-02-22,East,Kingfisher Ultra,95,52250,Online
2025-02-23,North,Kingfisher Premium,132,46200,General Trade
2025-02-23,South,Kingfisher Strong,81,29160,Modern Trade
2025-02-24,West,Kingfisher Ultra,72,39600,Online
2025-02-24,East,Kingfisher Premium,98,34300,Modern Trade